<?xml version="1.0" encoding="UTF-8" standalone="yes"?>
<w:document xmlns:wpc="http://schemas.microsoft.com/office/word/2010/wordprocessingCanvas" xmlns:cx="http://schemas.microsoft.com/office/drawing/2014/chartex" xmlns:cx1="http://schemas.microsoft.com/office/drawing/2015/9/8/chartex" xmlns:cx2="http://schemas.microsoft.com/office/drawing/2015/10/21/chartex" xmlns:cx3="http://schemas.microsoft.com/office/drawing/2016/5/9/chartex" xmlns:cx4="http://schemas.microsoft.com/office/drawing/2016/5/10/chartex" xmlns:cx5="http://schemas.microsoft.com/office/drawing/2016/5/11/chartex" xmlns:cx6="http://schemas.microsoft.com/office/drawing/2016/5/12/chartex" xmlns:cx7="http://schemas.microsoft.com/office/drawing/2016/5/13/chartex" xmlns:cx8="http://schemas.microsoft.com/office/drawing/2016/5/14/chartex" xmlns:mc="http://schemas.openxmlformats.org/markup-compatibility/2006" xmlns:aink="http://schemas.microsoft.com/office/drawing/2016/ink" xmlns:am3d="http://schemas.microsoft.com/office/drawing/2017/model3d" xmlns:o="urn:schemas-microsoft-com:office:office" xmlns:r="http://schemas.openxmlformats.org/officeDocument/2006/relationships" xmlns:m="http://schemas.openxmlformats.org/officeDocument/2006/math" xmlns:v="urn:schemas-microsoft-com:vml" xmlns:wp14="http://schemas.microsoft.com/office/word/2010/wordprocessingDrawing" xmlns:wp="http://schemas.openxmlformats.org/drawingml/2006/wordprocessingDrawing" xmlns:w10="urn:schemas-microsoft-com:office:word" xmlns:w="http://schemas.openxmlformats.org/wordprocessingml/2006/main" xmlns:w14="http://schemas.microsoft.com/office/word/2010/wordml" xmlns:w15="http://schemas.microsoft.com/office/word/2012/wordml" xmlns:w16cex="http://schemas.microsoft.com/office/word/2018/wordml/cex" xmlns:w16cid="http://schemas.microsoft.com/office/word/2016/wordml/cid" xmlns:w16="http://schemas.microsoft.com/office/word/2018/wordml" xmlns:w16se="http://schemas.microsoft.com/office/word/2015/wordml/symex" xmlns:wpg="http://schemas.microsoft.com/office/word/2010/wordprocessingGroup" xmlns:wpi="http://schemas.microsoft.com/office/word/2010/wordprocessingInk" xmlns:wne="http://schemas.microsoft.com/office/word/2006/wordml" xmlns:wps="http://schemas.microsoft.com/office/word/2010/wordprocessingShape" mc:Ignorable="w14 w15 w16se w16cid w16 w16cex wp14"><w:body><w:p w14:paraId="539A4577" w14:textId="734ED90D" w:rsidR="002C3A78" w:rsidRDefault="00D5284A" w:rsidP="00D5284A"><w:pPr><w:pStyle w:val="Title"/><w:jc w:val="center"/><w:rPr><w:u w:val="single"/></w:rPr></w:pPr><w:r w:rsidRPr="00D5284A"><w:rPr><w:u w:val="single"/></w:rPr><w:t>HELP DOCUMENT</w:t></w:r></w:p><w:p w14:paraId="32E9B7AB" w14:textId="39F6D74C" w:rsidR="00D5284A" w:rsidRDefault="00D5284A" w:rsidP="00D5284A"/><w:p w14:paraId="4DAE4963" w14:textId="75B3A8BF" w:rsidR="00D5284A" w:rsidRDefault="00D5284A" w:rsidP="00D5284A"><w:r><w:t xml:space="preserve">This the help document with regard to the CS101 project made by Sameep Chattopadhyay, 20D070067. </w:t></w:r></w:p><w:p w14:paraId="456591D8" w14:textId="457578D5" w:rsidR="00D5284A" w:rsidRDefault="00D5284A" w:rsidP="00D5284A"><w:r><w:t>Most of the rules of game and the controls have been well explained in the function help_page() defined around line 235</w:t></w:r><w:r><w:t xml:space="preserve"> in the cpp file</w:t></w:r><w:r><w:t>.</w:t></w:r></w:p><w:p w14:paraId="6498D4F9" w14:textId="77777777" w:rsidR="00D5284A" w:rsidRDefault="00D5284A" w:rsidP="00D5284A"><w:r><w:t>Enhancements made by me are:</w:t></w:r></w:p><w:p w14:paraId="562F3590" w14:textId="77777777" w:rsidR="00D5284A" w:rsidRDefault="00D5284A" w:rsidP="00D5284A"><w:r><w:t>1) Creating multiple levels in the game.</w:t></w:r></w:p><w:p w14:paraId="6C26BEBC" w14:textId="77777777" w:rsidR="00D5284A" w:rsidRDefault="00D5284A" w:rsidP="00D5284A"><w:r><w:t>2) Creation of a bomb.</w:t></w:r></w:p><w:p w14:paraId="257021F1" w14:textId="77777777" w:rsidR="00D5284A" w:rsidRDefault="00D5284A" w:rsidP="00D5284A"><w:r><w:t>3) Creation of parabolically moving coin.</w:t></w:r></w:p><w:p w14:paraId="59D2E6E7" w14:textId="77777777" w:rsidR="00D5284A" w:rsidRDefault="00D5284A" w:rsidP="00D5284A"><w:r><w:t>4) Making the game much more interactive using pop up messages.</w:t></w:r></w:p><w:p w14:paraId="0AF10948" w14:textId="7D33FCD1" w:rsidR="00D5284A" w:rsidRDefault="00D5284A" w:rsidP="00D5284A"><w:r><w:t>5) Creating concept of lives</w:t></w:r><w:r><w:t xml:space="preserve"> (</w:t></w:r><w:r><w:t>in form of level score), you lose if your level score is negative.</w:t></w:r></w:p><w:p w14:paraId="5BFDCF12" w14:textId="77777777" w:rsidR="00D5284A" w:rsidRDefault="00D5284A" w:rsidP="00D5284A"><w:r><w:t>6) Designed help page for the players.</w:t></w:r></w:p><w:p w14:paraId="085DA75E" w14:textId="33107D7B" w:rsidR="00D5284A" w:rsidRDefault="00D5284A" w:rsidP="00D5284A"><w:r><w:t xml:space="preserve">Overall </w:t></w:r><w:r><w:t>additional</w:t></w:r><w:r><w:t xml:space="preserve"> code written is more than 400 lines</w:t></w:r><w:r w:rsidR="00F931CA"><w:t xml:space="preserve"> (</w:t></w:r><w:r><w:t>including comments &amp; blank lines)</w:t></w:r><w:r><w:t>.</w:t></w:r></w:p><w:p w14:paraId="46E16CF2" w14:textId="1BE56222" w:rsidR="00D5284A" w:rsidRDefault="00D5284A" w:rsidP="00D5284A"><w:r><w:t>Link of video-</w:t></w:r></w:p><w:p w14:paraId="49F278EF" w14:textId="063098AE" w:rsidR="00D5284A" w:rsidRDefault="00F931CA" w:rsidP="00D5284A"><w:hyperlink r:id="rId4" w:history="1"><w:r w:rsidR="00D5284A" w:rsidRPr="00F931CA"><w:rPr><w:rStyle w:val="Hyperlink"/></w:rPr><w:t>https://drive.google.com/file/d/1LE</w:t></w:r><w:r w:rsidR="00D5284A" w:rsidRPr="00F931CA"><w:rPr><w:rStyle w:val="Hyperlink"/></w:rPr><w:t>I</w:t></w:r><w:r w:rsidR="00D5284A" w:rsidRPr="00F931CA"><w:rPr><w:rStyle w:val="Hyperlink"/></w:rPr><w:t>CHjFzdPTP6w-4mb5-SjlJKaTEkbP0/view?usp=sharing</w:t></w:r></w:hyperlink></w:p><w:p w14:paraId="39257C6D" w14:textId="77777777" w:rsidR="00D5284A" w:rsidRPr="00D5284A" w:rsidRDefault="00D5284A" w:rsidP="00D5284A"/><w:sectPr w:rsidR="00D5284A" w:rsidRPr="00D5284A"><w:pgSz w:w="11906" w:h="16838"/><w:pgMar w:top="1440" w:right="1440" w:bottom="1440" w:left="1440" w:header="708" w:footer="708" w:gutter="0"/><w:cols w:space="708"/><w:docGrid w:linePitch="360"/></w:sectPr></w:body></w:document>